<?xml version="1.0" encoding="UTF-8"?>
<!DOCTYPE hibernate-configuration PUBLIC "-//Hibernate/Hibernate Configuration DTD 3.0//EN" "http://www.hibernate.org/dtd/hibernate-configuration">
<hibernate-configuration>
  <session-factory name="hibernate.cfg.xml">
    <!-- SQL Dialect -->
    <property name="hibernate.dialect">org.hibernate.dialect.PostgreSQL94Dialect</property>
    <!-- Database Connection Settings -->
    <property name="hibernate.connection.driver_class">org.postgresql.Driver</property>
    <property name="hibernate.connection.url">jdbc:postgresql://localhost:5432/notitia</property>
    <property name="hibernate.connection.username">arthur</property>
    <property name="hibernate.connection.password"/>
    <property name="show_sql">true</property>
    <!-- Specifying Session Context -->
    <property name="hibernate.current_session_context_class">org.hibernate.context.internal.ThreadLocalSessionContext</property>
    <!-- Mapping With Model Class Containing Annotations -->
    <mapping class="com.turix.modelo.Usuario"/>
    <mapping class="com.turix.modelo.Comentarios"/>
    <mapping class="com.turix.modelo.Temas"/>
    <mapping class="com.turix.modelo.Marcadores"/>
  </session-factory>
</hibernate-configuration>
